mes,produto,unidades,preco_unitario,receita
Janeiro,Caderno Sertanejo A5,420,24.90,10458.00
Janeiro,Marcador Jabuticaba,310,8.50,2635.00
Janeiro,Agenda Cangaco 2026,155,59.00,9145.00
Fevereiro,Caderno Sertanejo A5,198,24.90,4930.20
Fevereiro,Marcador Jabuticaba,142,8.50,1207.00
Fevereiro,Agenda Cangaco 2026,31,59.00,1829.00
Marco,Caderno Sertanejo A5,512,24.90,12748.80
Marco,Marcador Jabuticaba,287,8.50,2439.50
Marco,Caneta Xaxado Gel,640,11.20,7168.00
Abril,Caderno Sertanejo A5,578,24.90,14392.20
Abril,Marcador Jabuticaba,95,8.50,807.50
Abril,Caneta Xaxado Gel,712,11.20,7974.40
Maio,Caderno Sertanejo A5,634,24.90,15786.60
Maio,Caneta Xaxado Gel,803,11.20,8993.60
Novembro,Caderno Sertanejo A5,1287,24.90,32046.30
Novembro,Caneta Xaxado Gel,960,11.20,10752.00
Novembro,Agenda Cangaco 2026,444,59.00,26196.00
